activity_id,variance,missing_rate,location,subject_id,activity,gender,age,height_cm,weight_kg,resting_hr,max_hr,dominant_hand,bmi
1,9.796388222299694,0.0001103468569536911,hand,101,lying,M,27,182,83,75,193,right,25.057360222195385
2,15.072412273830126,0.00038330494037478705,hand,101,sitting,M,27,182,83,75,193,right,25.057360222195385
3,26.287934580554264,0.0016576875259013675,hand,101,standing,M,27,182,83,75,193,right,25.057360222195385
4,25.84308959101181,0.029254482541679772,hand,101,walking,M,27,182,83,75,193,right,25.057360222195385
5,105.97321840347617,0.01213261227368916,hand,101,running,M,27,182,83,75,193,right,25.057360222195385
6,9.188233020085503,0.002036055143160127,hand,101,cycling,M,27,182,83,75,193,right,25.057360222195385
7,49.25607296142375,0.004539847026893659,hand,101,Nordic_walking,M,27,182,83,75,193,right,25.057360222195385
12,27.989830446662594,0.000566393958464443,hand,101,ascending_stairs,M,27,182,83,75,193,right,25.057360222195385
13,27.22974659171058,0.00013423719712732398,hand,101,descending_stairs,M,27,182,83,75,193,right,25.057360222195385
16,24.95971374905094,0.00047949086787847086,hand,101,vacuum_cleaning,M,27,182,83,75,193,right,25.057360222195385
17,9.88487436899827,0.0008484282865990752,hand,101,ironing,M,27,182,83,75,193,right,25.057360222195385
24,77.154264496792,0.01696096654275093,hand,101,rope_jumping,M,27,182,83,75,193,right,25.057360222195385
1,9.975576269106233,7.356457130246073e-05,chest,101,lying,M,27,182,83,75,193,right,25.057360222195385
2,0.4464075721861507,8.517887563884156e-05,chest,101,sitting,M,27,182,83,75,193,right,25.057360222195385
3,0.17055250572081326,0.0005986093843532716,chest,101,standing,M,27,182,83,75,193,right,25.057360222195385
4,1.9581765389344297,0.007684357165326024,chest,101,walking,M,27,182,83,75,193,right,25.057360222195385
5,8.104128465518803,0.003056665882906184,chest,101,running,M,27,182,83,75,193,right,25.057360222195385
6,0.4612555335684866,0.00012725344644750795,chest,101,cycling,M,27,182,83,75,193,right,25.057360222195385
7,2.454481138234787,0.0014310387367382185,chest,101,Nordic_walking,M,27,182,83,75,193,right,25.057360222195385
12,1.8992384734845242,0.00012586532410320956,chest,101,ascending_stairs,M,27,182,83,75,193,right,25.057360222195385
13,1.7597509053115867,0.0,chest,101,descending_stairs,M,27,182,83,75,193,right,25.057360222195385
16,3.9335182053937534,0.0009589817357569417,chest,101,vacuum_cleaning,M,27,182,83,75,193,right,25.057360222195385
17,0.8528795657699995,0.0005514783862893989,chest,101,ironing,M,27,182,83,75,193,right,25.057360222195385
24,4.360710031666999,0.0003097893432465923,chest,101,rope_jumping,M,27,182,83,75,193,right,25.057360222195385
1,6.811199311370333,0.0001103468569536911,ankle,101,lying,M,27,182,83,75,193,right,25.057360222195385
2,19.340361346248656,0.00017035775127768313,ankle,101,sitting,M,27,182,83,75,193,right,25.057360222195385
3,0.05134672224911741,0.0034535156789611823,ankle,101,standing,M,27,182,83,75,193,right,25.057360222195385
4,34.454335954784526,0.0030557677616501145,ankle,101,walking,M,27,182,83,75,193,right,25.057360222195385
5,170.17061723557958,0.01250881730543146,ankle,101,running,M,27,182,83,75,193,right,25.057360222195385
6,14.440940035573112,0.0013573700954400848,ankle,101,cycling,M,27,182,83,75,193,right,25.057360222195385
7,28.513810038317867,0.004490500863557859,ankle,101,Nordic_walking,M,27,182,83,75,193,right,25.057360222195385
12,39.70865011058048,0.0002517306482064191,ankle,101,ascending_stairs,M,27,182,83,75,193,right,25.057360222195385
13,42.856940629400384,0.00033559299281830994,ankle,101,descending_stairs,M,27,182,83,75,193,right,25.057360222195385
16,2.6501959086182763,0.0014384726036354126,ankle,101,vacuum_cleaning,M,27,182,83,75,193,right,25.057360222195385
17,0.08839636274047097,0.0019938064735078266,ankle,101,ironing,M,27,182,83,75,193,right,25.057360222195385
24,108.64595829900637,0.036400247831474594,ankle,101,rope_jumping,M,27,182,83,75,193,right,25.057360222195385
1,15.137823385096047,4.268032437046522e-05,hand,102,lying,F,25,169,78,74,195,right,27.309968138370508
2,8.071219666285891,8.950548221078541e-05,hand,102,sitting,F,25,169,78,74,195,right,27.309968138370508
3,0.6812035926787555,0.00015639662183296842,hand,102,standing,F,25,169,78,74,195,right,27.309968138370508
4,8.431992782166756,0.024313773706697815,hand,102,walking,F,25,169,78,74,195,right,27.309968138370508
5,57.677639128549195,0.04275817276466768,hand,102,running,F,25,169,78,74,195,right,27.309968138370508
6,5.880062509051376,3.982794328500876e-05,hand,102,cycling,F,25,169,78,74,195,right,27.309968138370508
7,17.989993683315223,0.03513904300749857,hand,102,Nordic_walking,F,25,169,78,74,195,right,27.309968138370508
12,15.160614652211006,5.766347595433053e-05,hand,102,ascending_stairs,F,25,169,78,74,195,right,27.309968138370508
13,34.71764984649351,0.00039439952672056796,hand,102,descending_stairs,F,25,169,78,74,195,right,27.309968138370508
16,12.619486869186899,9.669777111637576e-05,hand,102,vacuum_cleaning,F,25,169,78,74,195,right,27.309968138370508
17,10.11156683051018,0.0003808864265927978,hand,102,ironing,F,25,169,78,74,195,right,27.309968138370508
24,33.56296130305386,0.01417584074800181,hand,102,rope_jumping,F,25,169,78,74,195,right,27.309968138370508
1,0.2869096500429507,0.006572769953051643,chest,102,lying,F,25,169,78,74,195,right,27.309968138370508
2,1.4701992136575863,0.0,chest,102,sitting,F,25,169,78,74,195,right,27.309968138370508
3,0.14902939468794948,0.0006646856427901158,chest,102,standing,F,25,169,78,74,195,right,27.309968138370508
4,2.4736967692505782,0.00046107029785141243,chest,102,walking,F,25,169,78,74,195,right,27.309968138370508
5,7.654868314327054,0.0,chest,102,running,F,25,169,78,74,195,right,27.309968138370508
6,0.6574734939947648,0.0,chest,102,cycling,F,25,169,78,74,195,right,27.309968138370508
7,2.9028250204236565,0.001076028111234406,chest,102,Nordic_walking,F,25,169,78,74,195,right,27.309968138370508
12,1.9269953061744733,0.0,chest,102,ascending_stairs,F,25,169,78,74,195,right,27.309968138370508
13,2.359721934447043,6.573325445342799e-05,chest,102,descending_stairs,F,25,169,78,74,195,right,27.309968138370508
16,3.8345005884145267,0.00019339554223275153,chest,102,vacuum_cleaning,F,25,169,78,74,195,right,27.309968138370508
17,1.1384393460645739,0.0005886426592797783,chest,102,ironing,F,25,169,78,74,195,right,27.309968138370508
24,6.211740674644877,0.00045242044940431306,chest,102,rope_jumping,F,25,169,78,74,195,right,27.309968138370508
1,7.706530090066277,0.00012804097311139564,ankle,102,lying,F,25,169,78,74,195,right,27.309968138370508
2,0.3255230476021251,0.0009398075632132468,ankle,102,sitting,F,25,169,78,74,195,right,27.309968138370508
3,0.017059757379819396,0.0054738817641538946,ankle,102,standing,F,25,169,78,74,195,right,27.309968138370508
4,42.279503060399264,0.00743860080533612,ankle,102,walking,F,25,169,78,74,195,right,27.309968138370508
5,147.40731405162956,0.0077938947824204375,ankle,102,running,F,25,169,78,74,195,right,27.309968138370508
6,15.142493374923202,0.020391906961924486,ankle,102,cycling,F,25,169,78,74,195,right,27.309968138370508
7,41.579609277228506,0.007834829684925519,ankle,102,Nordic_walking,F,25,169,78,74,195,right,27.309968138370508
12,52.110226643725824,0.0004036443316803137,ankle,102,ascending_stairs,F,25,169,78,74,195,right,27.309968138370508
13,53.563361898839716,0.0010517320712548478,ankle,102,descending_stairs,F,25,169,78,74,195,right,27.309968138370508
16,2.4079915915619465,0.0005801866266982546,ankle,102,vacuum_cleaning,F,25,169,78,74,195,right,27.309968138370508
17,0.10145875595830862,0.0015581717451523547,ankle,102,ironing,F,25,169,78,74,195,right,27.309968138370508
24,99.48389130655757,0.020660533856130297,ankle,102,rope_jumping,F,25,169,78,74,195,right,27.309968138370508
1,13.038030555654764,0.0,hand,103,lying,M,31,187,92,68,189,right,26.309016557522373
2,1.748952089422482,0.0,hand,103,sitting,M,31,187,92,68,189,right,26.309016557522373
3,21.00072416803653,0.0004383188038766863,hand,103,standing,M,31,187,92,68,189,right,26.309016557522373
4,13.60947425609996,0.01604904256784681,hand,103,walking,M,31,187,92,68,189,right,26.309016557522373
12,40.06905284741304,0.0,hand,103,ascending_stairs,M,31,187,92,68,189,right,26.309016557522373
13,21.77004810118239,6.546644844517185e-05,hand,103,descending_stairs,M,31,187,92,68,189,right,26.309016557522373
16,10.649076275852055,9.84009840098401e-05,hand,103,vacuum_cleaning,M,31,187,92,68,189,right,26.309016557522373
17,7.343378739092998,0.00032171581769437,hand,103,ironing,M,31,187,92,68,189,right,26.309016557522373
1,0.2975395824548946,4.536381781890764e-05,chest,103,lying,M,31,187,92,68,189,right,26.309016557522373
2,0.12170086955618602,0.0005215395848544905,chest,103,sitting,M,31,187,92,68,189,right,26.309016557522373
3,0.5342251669656364,0.0008766376077533726,chest,103,standing,M,31,187,92,68,189,right,26.309016557522373
4,3.1974016373060765,0.0025141204022592644,chest,103,walking,M,31,187,92,68,189,right,26.309016557522373
12,4.067945171525523,0.0014438348252959862,chest,103,ascending_stairs,M,31,187,92,68,189,right,26.309016557522373
13,3.6145859803466043,0.0001309328968903437,chest,103,descending_stairs,M,31,187,92,68,189,right,26.309016557522373
16,4.800595025370411,0.0,chest,103,vacuum_cleaning,M,31,187,92,68,189,right,26.309016557522373
17,2.238095469214384,7.149240393208221e-05,chest,103,ironing,M,31,187,92,68,189,right,26.309016557522373
1,7.114095014656111,9.072763563781528e-05,ankle,103,lying,M,31,187,92,68,189,right,26.309016557522373
2,4.83156187679154,0.00027815444525572825,ankle,103,sitting,M,31,187,92,68,189,right,26.309016557522373
3,0.032530608019685624,0.004772804753323917,ankle,103,standing,M,31,187,92,68,189,right,26.309016557522373
4,39.46044317761343,0.007921201267392203,ankle,103,walking,M,31,187,92,68,189,right,26.309016557522373
12,65.23992320689796,0.0007700452401578592,ankle,103,ascending_stairs,M,31,187,92,68,189,right,26.309016557522373
13,69.437217176468,0.0002618657937806874,ankle,103,descending_stairs,M,31,187,92,68,189,right,26.309016557522373
16,0.7922452226648506,0.0017220172201722018,ankle,103,vacuum_cleaning,M,31,187,92,68,189,right,26.309016557522373
17,0.2314428445976416,0.0008936550491510277,ankle,103,ironing,M,31,187,92,68,189,right,26.309016557522373
1,13.192420808214154,8.677919035015403e-05,hand,104,lying,M,24,194,95,58,196,right,25.241789775746625
2,2.6560150513159333,0.00039227993095873213,hand,104,sitting,M,24,194,95,58,196,right,25.241789775746625
3,7.098032256079897,0.000930947947866915,hand,104,standing,M,24,194,95,58,196,right,25.241789775746625
4,6.791227578118162,0.04756983590129024,hand,104,walking,M,24,194,95,58,196,right,25.241789775746625
5,,0.0,hand,104,running,M,24,194,95,58,196,right,25.241789775746625
6,9.901506455750571,0.0,hand,104,cycling,M,24,194,95,58,196,right,25.241789775746625
7,11.26459314940705,0.02161043111902081,hand,104,Nordic_walking,M,24,194,95,58,196,right,25.241789775746625
12,15.518164712860484,5.9901761111776687e-05,hand,104,ascending_stairs,M,24,194,95,58,196,right,25.241789775746625
13,11.000114378297583,0.0,hand,104,descending_stairs,M,24,194,95,58,196,right,25.241789775746625
16,12.106536610442694,0.0002994460248540201,hand,104,vacuum_cleaning,M,24,194,95,58,196,right,25.241789775746625
17,9.191479976158348,0.0001200240048009602,hand,104,ironing,M,24,194,95,58,196,right,25.241789775746625
1,0.24229987886402868,0.00017355838070030806,chest,104,lying,M,24,194,95,58,196,right,25.241789775746625
2,0.15637507652678123,0.0,chest,104,sitting,M,24,194,95,58,196,right,25.241789775746625
3,0.3960061378552742,0.00024285598640006476,chest,104,standing,M,24,194,95,58,196,right,25.241789775746625
4,2.1977092916285534,0.0019416259551547038,chest,104,walking,M,24,194,95,58,196,right,25.241789775746625
5,,0.0,chest,104,running,M,24,194,95,58,196,right,25.241789775746625
6,0.8082215674099499,0.00030838362923476804,chest,104,cycling,M,24,194,95,58,196,right,25.241789775746625
7,2.084259691646273,0.001271201830530636,chest,104,Nordic_walking,M,24,194,95,58,196,right,25.241789775746625
12,2.632819533098565,5.9901761111776687e-05,chest,104,ascending_stairs,M,24,194,95,58,196,right,25.241789775746625
13,2.9911392853339365,0.0,chest,104,descending_stairs,M,24,194,95,58,196,right,25.241789775746625
16,3.76210406057444,9.981534161800669e-05,chest,104,vacuum_cleaning,M,24,194,95,58,196,right,25.241789775746625
17,2.132158251871863,0.0,chest,104,ironing,M,24,194,95,58,196,right,25.241789775746625
1,3.406127130707366,0.0006508439276261553,ankle,104,lying,M,24,194,95,58,196,right,25.241789775746625
2,0.15766391477989405,0.00015691197238349287,ankle,104,sitting,M,24,194,95,58,196,right,25.241789775746625
3,0.044278666861550894,0.0010523759410669474,ankle,104,standing,M,24,194,95,58,196,right,25.241789775746625
4,28.840479286367344,0.011367906801954153,ankle,104,walking,M,24,194,95,58,196,right,25.241789775746625
5,,0.0,ankle,104,running,M,24,194,95,58,196,right,25.241789775746625
6,10.164069859076132,0.003656548746640821,ankle,104,cycling,M,24,194,95,58,196,right,25.241789775746625
7,29.06642400956622,0.0085352122907057,ankle,104,Nordic_walking,M,24,194,95,58,196,right,25.241789775746625
12,35.73537719624714,0.0005391158500059901,ankle,104,ascending_stairs,M,24,194,95,58,196,right,25.241789775746625
13,33.52061216483529,0.0004200210010500525,ankle,104,descending_stairs,M,24,194,95,58,196,right,25.241789775746625
16,1.8341164583153802,0.0017966761491241205,ankle,104,vacuum_cleaning,M,24,194,95,58,196,right,25.241789775746625
17,0.07941624935944573,0.002000400080016003,ankle,104,ironing,M,24,194,95,58,196,right,25.241789775746625
1,7.027732438204292,0.0005063504789231614,hand,105,lying,M,26,180,73,70,194,right,22.530864197530864
2,15.409182295252425,0.0014145324597974985,hand,105,sitting,M,26,180,73,70,194,right,22.530864197530864
3,18.81599809809226,0.0003162841135008133,hand,105,standing,M,26,180,73,70,194,right,22.530864197530864
4,7.816737477740392,0.035088814659882,hand,105,walking,M,26,180,73,70,194,right,22.530864197530864
5,114.61572470175231,0.0024344721252941653,hand,105,running,M,26,180,73,70,194,right,22.530864197530864
6,14.878220691808975,0.0004475729340440249,hand,105,cycling,M,26,180,73,70,194,right,22.530864197530864
7,12.559785464555178,0.0028548589699668838,hand,105,Nordic_walking,M,26,180,73,70,194,right,22.530864197530864
12,14.513104086670062,0.00042013864575309853,hand,105,ascending_stairs,M,26,180,73,70,194,right,22.530864197530864
13,35.71299725903347,0.0003142924491239098,hand,105,descending_stairs,M,26,180,73,70,194,right,22.530864197530864
16,23.52025942626126,0.0002863571282470853,hand,105,vacuum_cleaning,M,26,180,73,70,194,right,22.530864197530864
17,8.860565304770127,0.0012714173276018649,hand,105,ironing,M,26,180,73,70,194,right,22.530864197530864
24,72.95177444493768,0.004526057157636105,hand,105,rope_jumping,M,26,180,73,70,194,right,22.530864197530864
1,0.34152882394198947,0.0002531752394615807,chest,105,lying,M,26,180,73,70,194,right,22.530864197530864
2,0.2378812608070127,0.0018984514592019059,chest,105,sitting,M,26,180,73,70,194,right,22.530864197530864
3,1.403869661634534,0.0004970178926441351,chest,105,standing,M,26,180,73,70,194,right,22.530864197530864
4,2.50585844657727,0.0023725533044048324,chest,105,walking,M,26,180,73,70,194,right,22.530864197530864
5,7.820782876238526,0.00048689442505883305,chest,105,running,M,26,180,73,70,194,right,22.530864197530864
6,0.8139645688332079,0.0004475729340440249,chest,105,cycling,M,26,180,73,70,194,right,22.530864197530864
7,3.1437607655108772,0.0020935632446423815,chest,105,Nordic_walking,M,26,180,73,70,194,right,22.530864197530864
12,2.6460419976016682,0.00014004621525103285,chest,105,ascending_stairs,M,26,180,73,70,194,right,22.530864197530864
13,3.426393027500355,0.0,chest,105,descending_stairs,M,26,180,73,70,194,right,22.530864197530864
16,6.562696176968989,0.0002863571282470853,chest,105,vacuum_cleaning,M,26,180,73,70,194,right,22.530864197530864
17,1.9471084704334394,0.0014530483744021312,chest,105,ironing,M,26,180,73,70,194,right,22.530864197530864
24,4.910382291645108,0.001810422863054442,chest,105,rope_jumping,M,26,180,73,70,194,right,22.530864197530864
1,7.547210131300538,0.0006751339718975484,ankle,105,lying,M,26,180,73,70,194,right,22.530864197530864
2,0.09868132548576058,0.0020473496128648005,ankle,105,sitting,M,26,180,73,70,194,right,22.530864197530864
3,0.15009040445951213,0.0019428881257907104,ankle,105,standing,M,26,180,73,70,194,right,22.530864197530864
4,35.63652025867874,0.011144756969375332,ankle,105,walking,M,26,180,73,70,194,right,22.530864197530864
5,152.85174781154893,0.01123914631177473,ankle,105,running,M,26,180,73,70,194,right,22.530864197530864
6,27.604924227170383,0.008137689709891361,ankle,105,cycling,M,26,180,73,70,194,right,22.530864197530864
7,41.78861406670175,0.008107799474705949,ankle,105,Nordic_walking,M,26,180,73,70,194,right,22.530864197530864
12,34.82928488921854,0.0018206007982634268,ankle,105,ascending_stairs,M,26,180,73,70,194,right,22.530864197530864
13,39.70648837410808,0.0007071580105287971,ankle,105,descending_stairs,M,26,180,73,70,194,right,22.530864197530864
16,2.4181258968645167,0.0014317856412354264,ankle,105,vacuum_cleaning,M,26,180,73,70,194,right,22.530864197530864
17,0.24990745761347416,0.002815281225404129,ankle,105,ironing,M,26,180,73,70,194,right,22.530864197530864
24,134.08974648727173,0.030777188671925516,ankle,105,rope_jumping,M,26,180,73,70,194,right,22.530864197530864
1,12.779543060369521,0.00021422450728363326,hand,106,lying,M,26,183,69,60,194,right,20.603780345785182
2,5.313943417436738,0.0006944143049346816,hand,106,sitting,M,26,183,69,60,194,right,20.603780345785182
3,17.30864494007406,0.001272786992938085,hand,106,standing,M,26,183,69,60,194,right,20.603780345785182
4,7.120292977896909,0.007075930173787956,hand,106,walking,M,26,183,69,60,194,right,20.603780345785182
5,323.7735706390636,0.0208105147864184,hand,106,running,M,26,183,69,60,194,right,20.603780345785182
6,49.29803452816317,0.0,hand,106,cycling,M,26,183,69,60,194,right,20.603780345785182
7,20.491250969564398,0.0017237502810462414,hand,106,Nordic_walking,M,26,183,69,60,194,right,20.603780345785182
12,19.956325143240516,7.523888345496953e-05,hand,106,ascending_stairs,M,26,183,69,60,194,right,20.603780345785182
13,42.65802328883193,0.00035486160397445,hand,106,descending_stairs,M,26,183,69,60,194,right,20.603780345785182
16,21.741249851562305,0.0006641996394344815,hand,106,vacuum_cleaning,M,26,183,69,60,194,right,20.603780345785182
17,8.156980082348499,0.002013565069944892,hand,106,ironing,M,26,183,69,60,194,right,20.603780345785182
24,1.7428418792141764,0.01171875,hand,106,rope_jumping,M,26,183,69,60,194,right,20.603780345785182
1,0.34758242584564153,0.0,chest,106,lying,M,26,183,69,60,194,right,20.603780345785182
2,0.23256681522598732,0.0,chest,106,sitting,M,26,183,69,60,194,right,20.603780345785182
3,0.47743817047924186,0.0007800952537362457,chest,106,standing,M,26,183,69,60,194,right,20.603780345785182
4,1.8813379812945366,0.0020216943353679874,chest,106,walking,M,26,183,69,60,194,right,20.603780345785182
5,18.529438745931067,0.0042935377875136915,chest,106,running,M,26,183,69,60,194,right,20.603780345785182
6,1.7065713534843405,4.881382407497803e-05,chest,106,cycling,M,26,183,69,60,194,right,20.603780345785182
7,4.203037580631597,0.0004496739863598891,chest,106,Nordic_walking,M,26,183,69,60,194,right,20.603780345785182
12,2.3979799200661196,0.0,chest,106,ascending_stairs,M,26,183,69,60,194,right,20.603780345785182
13,4.856455646020979,0.000177430801987225,chest,106,descending_stairs,M,26,183,69,60,194,right,20.603780345785182
16,4.866106770179974,0.000759085302210836,chest,106,vacuum_cleaning,M,26,183,69,60,194,right,20.603780345785182
17,1.923292339514462,0.001112759643916914,chest,106,ironing,M,26,183,69,60,194,right,20.603780345785182
24,0.05033163318132329,0.0,chest,106,rope_jumping,M,26,183,69,60,194,right,20.603780345785182
1,3.5260992683639465,0.00021422450728363326,ankle,106,lying,M,26,183,69,60,194,right,20.603780345785182
2,0.28522969290925704,0.00941799401067662,ankle,106,sitting,M,26,183,69,60,194,right,20.603780345785182
3,0.2180152787110241,0.00993595007390376,ankle,106,standing,M,26,183,69,60,194,right,20.603780345785182
4,26.032029656110254,0.0052486295245130436,ankle,106,walking,M,26,183,69,60,194,right,20.603780345785182
5,231.64251367369425,0.003767798466593647,ankle,106,running,M,26,183,69,60,194,right,20.603780345785182
6,18.136555779173758,0.0025871326759738357,ankle,106,cycling,M,26,183,69,60,194,right,20.603780345785182
7,46.85454614183209,0.005171250843138724,ankle,106,Nordic_walking,M,26,183,69,60,194,right,20.603780345785182
12,34.04711289423775,0.00037619441727484765,ankle,106,ascending_stairs,M,26,183,69,60,194,right,20.603780345785182
13,64.83890778805863,0.0007097232079489,ankle,106,descending_stairs,M,26,183,69,60,194,right,20.603780345785182
16,6.893085225997754,0.0009014137963753677,ankle,106,vacuum_cleaning,M,26,183,69,60,194,right,20.603780345785182
17,0.2835093556749424,0.0020665536244171257,ankle,106,ironing,M,26,183,69,60,194,right,20.603780345785182
24,0.005162222404895844,0.0,ankle,106,rope_jumping,M,26,183,69,60,194,right,20.603780345785182
1,5.17185454840826,0.0,hand,107,lying,M,23,173,86,60,197,right,28.734672057202044
2,4.4616583506488,0.005292297671389025,hand,107,sitting,M,23,173,86,60,197,right,28.734672057202044
3,1.709383094589647,0.0007766688672284571,hand,107,standing,M,23,173,86,60,197,right,28.734672057202044
4,7.827206253060948,0.03226571767497034,hand,107,walking,M,23,173,86,60,197,right,28.734672057202044
5,95.97553569177214,0.040628385698808236,hand,107,running,M,23,173,86,60,197,right,28.734672057202044
6,7.412316362529163,0.0,hand,107,cycling,M,23,173,86,60,197,right,28.734672057202044
7,15.794358105457654,0.0009051348999129678,hand,107,Nordic_walking,M,23,173,86,60,197,right,28.734672057202044
12,8.338976522993622,0.0011900714042842571,hand,107,ascending_stairs,M,23,173,86,60,197,right,28.734672057202044
13,15.071309156971068,0.0,hand,107,descending_stairs,M,23,173,86,60,197,right,28.734672057202044
16,12.206124793589465,0.0001855976243504083,hand,107,vacuum_cleaning,M,23,173,86,60,197,right,28.734672057202044
17,7.955808494025401,0.0005762907217193804,hand,107,ironing,M,23,173,86,60,197,right,28.734672057202044
1,0.08551522141519546,0.0,chest,107,lying,M,23,173,86,60,197,right,28.734672057202044
2,0.19736701984888644,0.0,chest,107,sitting,M,23,173,86,60,197,right,28.734672057202044
3,0.20751495057551478,0.00019416721680711428,chest,107,standing,M,23,173,86,60,197,right,28.734672057202044
4,1.7597414611411086,0.004655990510083037,chest,107,walking,M,23,173,86,60,197,right,28.734672057202044
5,9.317398020755665,0.0032502708559046588,chest,107,running,M,23,173,86,60,197,right,28.734672057202044
6,0.8856225968672141,0.0,chest,107,cycling,M,23,173,86,60,197,right,28.734672057202044
7,2.536107497258814,0.001009573542210618,chest,107,Nordic_walking,M,23,173,86,60,197,right,28.734672057202044
12,1.767575932942801,0.0,chest,107,ascending_stairs,M,23,173,86,60,197,right,28.734672057202044
13,2.4643171884743698,8.607333448097779e-05,chest,107,descending_stairs,M,23,173,86,60,197,right,28.734672057202044
16,9.88460185478896,4.639940608760208e-05,chest,107,vacuum_cleaning,M,23,173,86,60,197,right,28.734672057202044
17,2.616278282299219,0.0006440896301569544,chest,107,ironing,M,23,173,86,60,197,right,28.734672057202044
1,5.165598457721642,3.904572254109562e-05,ankle,107,lying,M,23,173,86,60,197,right,28.734672057202044
2,0.16492796788939304,8.141996417521577e-05,ankle,107,sitting,M,23,173,86,60,197,right,28.734672057202044
3,0.07741403155796917,0.00054366820705992,ankle,107,standing,M,23,173,86,60,197,right,28.734672057202044
4,53.364111408875466,0.008481613285883748,ankle,107,walking,M,23,173,86,60,197,right,28.734672057202044
5,319.3072293061952,0.011105092091007584,ankle,107,running,M,23,173,86,60,197,right,28.734672057202044
6,19.669828269895792,0.00427689594356261,ankle,107,cycling,M,23,173,86,60,197,right,28.734672057202044
7,64.78581064750946,0.009260226283724977,ankle,107,Nordic_walking,M,23,173,86,60,197,right,28.734672057202044
12,48.39349626473111,0.00017001020061203673,ankle,107,ascending_stairs,M,23,173,86,60,197,right,28.734672057202044
13,101.94924517303703,0.000430366672404889,ankle,107,descending_stairs,M,23,173,86,60,197,right,28.734672057202044
16,0.6782049602331026,0.001716778025241277,ankle,107,vacuum_cleaning,M,23,173,86,60,197,right,28.734672057202044
17,0.13599982487047568,0.003559442692972643,ankle,107,ironing,M,23,173,86,60,197,right,28.734672057202044
1,13.36771913052332,8.276432857438444e-05,hand,108,lying,M,32,179,87,66,188,left,27.15271058955713
2,2.1512025380874924,0.0010033590716747372,hand,108,sitting,M,32,179,87,66,188,left,27.15271058955713
3,11.076423099260074,0.0009538950715421304,hand,108,standing,M,32,179,87,66,188,left,27.15271058955713
4,13.02136380354676,0.015412425078489202,hand,108,walking,M,32,179,87,66,188,left,27.15271058955713
5,171.80630646532,0.011674328574885071,hand,108,running,M,32,179,87,66,188,left,27.15271058955713
6,11.708601786630904,0.0003925417075564279,hand,108,cycling,M,32,179,87,66,188,left,27.15271058955713
7,8.797190100713287,0.003946275270008308,hand,108,Nordic_walking,M,32,179,87,66,188,left,27.15271058955713
12,22.711138171273493,0.0,hand,108,ascending_stairs,M,32,179,87,66,188,left,27.15271058955713
13,20.459802122375155,0.0,hand,108,descending_stairs,M,32,179,87,66,188,left,27.15271058955713
16,18.52995050499025,0.0010291453976617817,hand,108,vacuum_cleaning,M,32,179,87,66,188,left,27.15271058955713
17,11.79569081007147,0.001515610791148833,hand,108,ironing,M,32,179,87,66,188,left,27.15271058955713
24,67.45997308113715,0.00897115602997956,hand,108,rope_jumping,M,32,179,87,66,188,left,27.15271058955713
1,0.24487629535232697,4.138216428719222e-05,chest,108,lying,M,32,179,87,66,188,left,27.15271058955713
2,0.05153943745714859,0.0,chest,108,sitting,M,32,179,87,66,188,left,27.15271058955713
3,0.3816100784424306,0.0017488076311605724,chest,108,standing,M,32,179,87,66,188,left,27.15271058955713
4,2.5260236437294976,0.012114292962927726,chest,108,walking,M,32,179,87,66,188,left,27.15271058955713
5,13.848944848089136,0.0027219937091700944,chest,108,running,M,32,179,87,66,188,left,27.15271058955713
6,1.0505930946023916,0.002001962708537782,chest,108,cycling,M,32,179,87,66,188,left,27.15271058955713
7,2.244722714366159,0.0010384934921074495,chest,108,Nordic_walking,M,32,179,87,66,188,left,27.15271058955713
12,3.021573576650347,0.00017118890695882907,chest,108,ascending_stairs,M,32,179,87,66,188,left,27.15271058955713
13,4.373166116520406,0.0004142931123770067,chest,108,descending_stairs,M,32,179,87,66,188,left,27.15271058955713
16,3.1317774126486757,0.00041165815906471265,chest,108,vacuum_cleaning,M,32,179,87,66,188,left,27.15271058955713
17,1.456022711182136,0.001606547438617763,chest,108,ironing,M,32,179,87,66,188,left,27.15271058955713
24,10.879609421185886,0.025437201907790145,chest,108,rope_jumping,M,32,179,87,66,188,left,27.15271058955713
1,6.010433543462647,0.00012414649286157667,ankle,108,lying,M,32,179,87,66,188,left,27.15271058955713
2,0.09462096431851777,8.724861492823801e-05,ankle,108,sitting,M,32,179,87,66,188,left,27.15271058955713
3,1.7013135257286442,0.0009141494435612082,ankle,108,standing,M,32,179,87,66,188,left,27.15271058955713
4,48.39098589744404,0.01268512352139029,ankle,108,walking,M,32,179,87,66,188,left,27.15271058955713
5,352.6508179045573,0.006411807403822889,ankle,108,running,M,32,179,87,66,188,left,27.15271058955713
6,19.50406909217014,0.007419038272816487,ankle,108,cycling,M,32,179,87,66,188,left,27.15271058955713
7,43.11944779886652,0.011388811963445029,ankle,108,Nordic_walking,M,32,179,87,66,188,left,27.15271058955713
12,48.855790799000815,0.00017118890695882907,ankle,108,ascending_stairs,M,32,179,87,66,188,left,27.15271058955713
13,112.75921954249948,0.0,ankle,108,descending_stairs,M,32,179,87,66,188,left,27.15271058955713
16,2.7774842967528715,0.0015231351885394368,ankle,108,vacuum_cleaning,M,32,179,87,66,188,left,27.15271058955713
17,0.21129481435001785,0.001515610791148833,ankle,108,ironing,M,32,179,87,66,188,left,27.15271058955713
24,204.37350038287383,0.0053372700431523964,ankle,108,rope_jumping,M,32,179,87,66,188,left,27.15271058955713
24,28.79560848986964,0.00031294007197621654,hand,109,rope_jumping,M,31,168,65,54,189,right,23.030045351473927
24,10.923700764287704,0.0,chest,109,rope_jumping,M,31,168,65,54,189,right,23.030045351473927
24,190.25580936882233,0.00046941010796432484,ankle,109,rope_jumping,M,31,168,65,54,189,right,23.030045351473927
